"cargo","ciudad","link","empresa","fpublicacion"
"*Urgente* Vendedor(a) Part time y Full time","San Bernardo (Chile)","http://www.jobandtalent.com/cl/ofertas-de-empleo/distribuidora-de-bebidas-y-alimentos-urgente-vendedor-a-part-time-y-full-time-17082015","Distribuidora de Bebidas y Alimentos","Hace 15 días"
"Relator de refrigeración Industrial.","Santiago.. (Chile)","http://www.jobandtalent.com/cl/ofertas-de-empleo/incades-ltda-relator-de-refrigeracion-industrial-20150817","INCADES LTDA.","Hace 15 días"
"Arquitecto - Representante de Ventas (Santiago)","Santiago (Chile)","http://www.jobandtalent.com/cl/ofertas-de-empleo/puntopersonal-arquitecto-representante-de-ventas-santiago-27082015","PUNTOPERSONAL","Hace 4 días"
"Promotores","Santiago  (Chile)","http://www.jobandtalent.com/cl/ofertas-de-empleo/promotor-vendedor-perfumes-promotores-20150817","Promotor/vendedor perfumes","Hace 15 días"
"EJECUTIVA COMERCIAL","Santiago (Chile)","http://www.jobandtalent.com/cl/ofertas-de-empleo/chile-trade-south-ejecutiva-comercial-20150825","Chile Trade South","Hace 7 días"
"NDT Chile","Santiago (Chile)","http://www.jobandtalent.com/cl/ofertas-de-empleo/ndt-chile-ndt-chile-05082015","NDT Chile","Hace 26 días"
"ASISTENTE DE RRHH Y ADMINISTRACIÓN","COPIAPO (Chile)","http://www.jobandtalent.com/cl/ofertas-de-empleo/prodiel-asistente-de-rrhh-y-administracion-05082015","PRODIEL","Hace 26 días"
"ADMINISTRATIVO RRHH","Santiago (Chile)","http://www.jobandtalent.com/cl/ofertas-de-empleo/prodiel-administrativo-rrhh-05082015","PRODIEL","Hace 26 días"
"DevOps o Administrador de sistemas","santiago (Chile)","http://www.jobandtalent.com/cl/ofertas-de-empleo/clear-people-devops-o-administrador-de-sistemas-06082015","Clear People","Hace 25 días"
"ejecutivos call center","SANTIAGO (Chile)","http://www.jobandtalent.com/cl/ofertas-de-empleo/dts-call-center-ejecutivos-call-center-part-y-full-time-12082015","DTS CALL CENTER","Hace 20 días"
"Consultor de proyectos","SAntiago (Chile)","http://www.jobandtalent.com/cl/ofertas-de-empleo/gepro-spa-consultor-de-proyectos-12082015","Gepro SpA","Hace 19 días"
"Practicante estudiante de Periodismo","santiago (Chile)","http://www.jobandtalent.com/cl/ofertas-de-empleo/confidential-practicante-estudiante-de-periodismo-yxgw6s","Confidential","Hace 8 horas"
"Asistente de aseo y atención de salas de clases","providencia (Chile)","http://www.jobandtalent.com/cl/ofertas-de-empleo/confidential-asistente-de-aseo-y-atencion-de-salas-de-clases-mxlnuj","Confidential","Hace 8 horas"
"CONTADORA GENERAL","providencia (Chile)","http://www.jobandtalent.com/cl/ofertas-de-empleo/confidential-contadora-general-kcgan6","Confidential","Hace 8 horas"
"Singueristas","santiago (Chile)","http://www.jobandtalent.com/cl/ofertas-de-empleo/confidential-singueristas-gnrc5h","Confidential","Hace 8 horas"
"Ejecutivo de cuentas Publicidad","santiago (Chile)","http://www.jobandtalent.com/cl/ofertas-de-empleo/retail-s-a-ejecutivo-de-cuentas-publicidad-10082015","Retail s.a","Hace 21 días"
"OPERARIO DE PRODUCCION","santiago (Chile)","http://www.jobandtalent.com/cl/ofertas-de-empleo/confidential-operario-de-produccion-rwfi4w","Confidential","Hace 1 día"
"Diseñador/a de Vestuario, gráfica o afín para su departamento de Desarrollo d...","santiago (Chile)","http://www.jobandtalent.com/cl/ofertas-de-empleo/confidential-disenador-a-de-vestuario-grafica-o-afin-para-su-departamento-de-desarrollo-de-vestuario-infantil-hjprdq","Confidential","Hace 1 día"
"Comercial de Ventas","concepción (Chile)","http://www.jobandtalent.com/cl/ofertas-de-empleo/confidential-comercial-de-ventas-7o854u","Confidential","Hace 2 días"
"Windows Developer","Santiago (Chile)","http://www.jobandtalent.com/cl/ofertas-de-empleo/convo-communications-llc-windows-developer-11082015","Convo Communications, LLC","Hace 21 días"
"Vendedores Telefónicos para Trabajar desde Casa Cerrando Ventas","teletrabajo (Chile)","http://www.jobandtalent.com/cl/ofertas-de-empleo/confidential-vendedores-telefonicos-para-trabajar-desde-casa-cerrando-ventas-cb37bh","Confidential","Hace 2 días"
"Coordinador de Mesa de Ayuda","santiago (Chile)","http://www.jobandtalent.com/cl/ofertas-de-empleo/confidential-coordinador-de-mesa-de-ayuda-l6wwmv","Confidential","Hace 2 días"
"Maestro Mueblista Linea Plana","Santiago (Chile)","http://www.jobandtalent.com/cl/ofertas-de-empleo/mobel-group-maestro-mueblista-linea-plana-03082015","Mobel Group","Hace 29 días"
"Jefe de Seguridad y Control","santiago (Chile)","http://www.jobandtalent.com/cl/ofertas-de-empleo/soc-de-transporte-turismo-del-norte-jefe-de-seguridad-y-control-03082015","Soc. de Transporte Turismo del Norte","Hace 28 días"
"Operarios de Bodega","santiago (Chile)","http://www.jobandtalent.com/cl/ofertas-de-empleo/tecnopapel-operarios-de-bodega-03082015","Tecnopapel","Hace 28 días"
"Gerente de Innovación","Santiago (Chile)","http://www.jobandtalent.com/cl/ofertas-de-empleo/clear-people-gerente-de-innovacion-03082015","Clear People","Hace 28 días"
"Secretaria Contable / San Miguel","San miguel  (Chile)","http://www.jobandtalent.com/cl/ofertas-de-empleo/airsystem-ltda-secretaria-contable-san-miguel-03082015","Airsystem Ltda.","Hace 28 días"
"EMPRESA DE SOFTWARE Y CONTABILIDAD UBICADA EN SANTIAGO CENTRO NECESITA: CONTA...","SANTIAGO (Chile)","http://www.jobandtalent.com/cl/ofertas-de-empleo/brunetti-y-asociados-auditores-consultores-empresa-de-software-y-contabilidad-ubicada-en-santiago-centro-necesita-contador-auditor-03082015","Brunetti y Asociados Auditores Consultores","Hace 28 días"
"Guardias de Seguridad","santiago (Chile)","http://www.jobandtalent.com/cl/ofertas-de-empleo/siglos-seguridad-integral-ltda-guardias-de-seguridad-03082015","siglos seguridad integral ltda","Hace 28 días"
"EJECUTIVOS CON EXPERIENCIA EN CALL PARA PLATAFORMA DE VENTAS INBOUND","SANTIAGO (Chile)","http://www.jobandtalent.com/cl/ofertas-de-empleo/dts-call-center-ejecutivos-con-experiencia-en-call-para-plataforma-de-ventas-inbound-03082015","DTS CALL CENTER","Hace 28 días"
"Motorista para restaurante de Sushi (Contrato inmediato)","Las Condes (Chile)","http://www.jobandtalent.com/cl/ofertas-de-empleo/niu-sushi-motorista-para-restaurante-de-sushi-contrato-inmediato-04082015","Niu Sushi","Hace 28 días"
"Auditor Interno Outsourcing","Santiago (Chile)","http://www.jobandtalent.com/cl/ofertas-de-empleo/essex-s-a-corredores-de-bolsa-auditor-interno-outsourcing-04082015","ESSEX S. A. CORREDORES DE BOLSA","Hace 28 días"
"Técnico en electricidad","Santiago (Chile)","http://www.jobandtalent.com/cl/ofertas-de-empleo/inmobiliaria-dse-ltda-tecnico-en-electricidad-05082015","Inmobiliaria DSE Ltda.","Hace 26 días"
"Coperos para Restaurante de Sushi - Turno PM","Las Condes (Chile)","http://www.jobandtalent.com/cl/ofertas-de-empleo/niu-sushi-coperos-para-restaurante-de-sushi-turno-pm-04082015","Niu Sushi","Hace 28 días"
"Ayudante de Cocina (Contrato Plazo Fijo, Luego Indefinido)","las condes (Chile)","http://www.jobandtalent.com/cl/ofertas-de-empleo/niu-sushi-ayudante-de-cocina-contrato-plazo-fijo-luego-indefinido-04082015","Niu Sushi","Hace 28 días"
"Soluciones tecnológicas NSP Chile","santiago (Chile)","http://www.jobandtalent.com/cl/ofertas-de-empleo/servicios-tecnologicos-nsp-chile-soluciones-tecnologicas-nsp-chile-05082015","Servicios Tecnológicos NSP Chile","Hace 26 días"
"EJECUTIVOS CON EXPERIENCIA EN CALL PARA PLATAFORMA DE VENTAS INBOUND","SANTIAGO (Chile)","http://www.jobandtalent.com/cl/ofertas-de-empleo/dts-call-center-ejecutivos-con-experiencia-en-call-para-plataforma-de-ventas-inbound-05082015","DTS CALL CENTER","Hace 27 días"
"BUSCAMOS TÉCNICO ELECTRÓNICO URGENTE!","Valparaiso, Viña del Mar (NO EXCLUYENTE) (Chile)","http://www.jobandtalent.com/cl/ofertas-de-empleo/confidencial-buscamos-tecnico-electronico-urgente-05082015","Confidencial","Hace 26 días"
"Asistente Social","santiago (Chile)","http://www.jobandtalent.com/cl/ofertas-de-empleo/confidential-asistente-social-2rpqho","Confidential","Hace 8 horas"
"Operador Maquinista para Importante Imprenta Técnico Prensista","santiago (Chile)","http://www.jobandtalent.com/cl/ofertas-de-empleo/confidential-operador-maquinista-para-importante-imprenta-tecnico-prensista-up2lwp","Confidential","Hace 8 horas"
"Practica en Soporte técnico Informatico","macul (Chile)","http://www.jobandtalent.com/cl/ofertas-de-empleo/confidential-practica-en-soporte-tecnico-informatico-z0ez7z","Confidential","Hace 8 horas"
"Diseñador Gráfico","viña del mar (Chile)","http://www.jobandtalent.com/cl/ofertas-de-empleo/confidential-disenador-grafico-t8b1v6","Confidential","Hace 8 horas"
"Ventas","colina (Chile)","http://www.jobandtalent.com/cl/ofertas-de-empleo/confidential-ventas-48ckyi","Confidential","Hace 8 horas"
"Maestro Mayor electricista","antofagasta (Chile)","http://www.jobandtalent.com/cl/ofertas-de-empleo/confidential-maestro-mayor-electricista-ve9x6w","Confidential","Hace 8 horas"
"Estudios de Mercado Remunerados","Santiago de Chile (Chile)","http://www.jobandtalent.com/cl/ofertas-de-empleo/checkealos-estudios-de-mercado-remunerados-20150417-2","Checkealos","Hace 5 meses"
"TECNICO CALCULISTA COORDINADOR","COQUIMBO (Chile)","http://www.jobandtalent.com/cl/ofertas-de-empleo/maspir-tecnico-calculista-coordinador-14072015","MASPIR","Hace 1 mes"
"Técnico de párvulo","Santiago (Chile)","http://www.jobandtalent.com/cl/ofertas-de-empleo/escuela-de-lenguaje-estacion-acuarela-tecnico-de-parvulo-20150730","escuela de lenguaje Estación Acuarela","Hace 1 mes"
"Ejecutivos a terreno","santiago  (Chile)","http://www.jobandtalent.com/cl/ofertas-de-empleo/nuestros-parques-ejecutivos-a-terreno-02082015","nuestros parques","Hace 29 días"
"isabel vega","santiago (Chile)","http://www.jobandtalent.com/cl/ofertas-de-empleo/barrys-chicken-isabel-vega-03082015","barrys chicken","Hace 28 días"
"Urgente Estudiantes Ventas Part-time 3 Horas al día","San Bernardo (Chile)","http://www.jobandtalent.com/cl/ofertas-de-empleo/jyc-chile-urgente-estudiantes-ventas-part-time-3-horas-al-dia-03082015","JYC Chile","Hace 29 días"
"Ventas a Tiempo completo (30 Mil Diarios)","San Bernardo (Chile)","http://www.jobandtalent.com/cl/ofertas-de-empleo/jyc-chile-ventas-a-tiempo-completo-30-mil-diarios-03082015","JYC Chile","Hace 29 días"
"Estudiantes Ventas Part-time","San Bernardo (Chile)","http://www.jobandtalent.com/cl/ofertas-de-empleo/distribuidora-de-bebidas-y-alimentos-estudiantes-ventas-part-time-18082015","Distribuidora de Bebidas y Alimentos","Hace 29 días"
"Administrativo : Puerto Montt","puerto montt (Chile)","http://www.jobandtalent.com/cl/ofertas-de-empleo/confidential-administrativo-puerto-montt-5ikk9o","Confidential","Hace 2 días"
"NECESITAMOS SOLDADOR","calama (Chile)","http://www.jobandtalent.com/cl/ofertas-de-empleo/confidential-necesitamos-soldador-v3402d","Confidential","Hace 1 día"
"Técnicos de Mantención","quilicura (Chile)","http://www.jobandtalent.com/cl/ofertas-de-empleo/confidential-tecnicos-de-mantencion-jxucm4","Confidential","Hace 1 día"
"International Sales Executives English:Spanish","las condes (Chile)","http://www.jobandtalent.com/cl/ofertas-de-empleo/confidential-international-sales-executives-english-spanish-iubwpq","Confidential","Hace 1 día"
"Personal de eguridad","el rincon de la florida (Chile)","http://www.jobandtalent.com/cl/ofertas-de-empleo/confidential-personal-de-eguridad-y5spb3","Confidential","Hace 1 día"
"30 PROMOTORES/AS REGIÓN METROPOLITANA","santiago (Chile)","http://www.jobandtalent.com/cl/ofertas-de-empleo/confidential-30-promotores-as-region-metropolitana-u1ocrn","Confidential","Hace 1 día"
"Atendedores de Combustibles diversas Comunas","santiago (Chile)","http://www.jobandtalent.com/cl/ofertas-de-empleo/confidential-atendedores-de-combustibles-diversas-comunas-gybqv5","Confidential","Hace 1 día"
"contador auditor","lo barnechea (Chile)","http://www.jobandtalent.com/cl/ofertas-de-empleo/confidential-contador-auditor-sz8xil","Confidential","Hace 1 día"
"Guardias de Seguridad Santiago Centro, providencia,Estación central","santiago (Chile)","http://www.jobandtalent.com/cl/ofertas-de-empleo/confidential-guardias-de-seguridad-santiago-centro-providencia-estacion-central-eimhz8","Confidential","Hace 1 día"
"Contador Auditor","santiago (Chile)","http://www.jobandtalent.com/cl/ofertas-de-empleo/confidential-contador-auditor-dim6es","Confidential","Hace 1 día"
"Mecanico Mantenciòn Industrial No Automotriz","maipú (Chile)","http://www.jobandtalent.com/cl/ofertas-de-empleo/confidential-mecanico-mantencion-industrial-no-automotriz-8cpffy","Confidential","Hace 1 día"
"Cajera","la dehesa (Chile)","http://www.jobandtalent.com/cl/ofertas-de-empleo/confidential-cajera-ny12tm","Confidential","Hace 1 día"
"Importante empresa de suministro de gas de la zona norte busca personal para ...","iquique (Chile)","http://www.jobandtalent.com/cl/ofertas-de-empleo/confidential-importante-empresa-de-suministro-de-gas-de-la-zona-norte-busca-personal-para-el-cargo-de-jefe-comerc-a81p7r","Confidential","Hace 1 día"
"Camarógafos para eventos deportivos","temuco (Chile)","http://www.jobandtalent.com/cl/ofertas-de-empleo/confidential-camarogafos-para-eventos-deportivos-19sify","Confidential","Hace 1 día"
"Persona para trabajar y atender vivero en Las Condes","las condes (Chile)","http://www.jobandtalent.com/cl/ofertas-de-empleo/confidential-persona-para-trabajar-y-atender-vivero-en-las-condes-h38m2y","Confidential","Hace 1 día"
"Operarios Bodegueros","santiago (Chile)","http://www.jobandtalent.com/cl/ofertas-de-empleo/confidential-operarios-bodegueros-2di1y9","Confidential","Hace 1 día"
"Asistente de Cobranzas","santiago (Chile)","http://www.jobandtalent.com/cl/ofertas-de-empleo/confidential-asistente-de-cobranzas-ugsmz2","Confidential","Hace 1 día"
"Asistente Administrativo","santiago (Chile)","http://www.jobandtalent.com/cl/ofertas-de-empleo/confidential-asistente-administrativo-gf2bwc","Confidential","Hace 8 horas"
"Ejecutivo Comercial Factoring","providencia (Chile)","http://www.jobandtalent.com/cl/ofertas-de-empleo/confidential-ejecutivo-comercial-factoring-47ijjj","Confidential","Hace 1 día"
"Vendedor","santiago (Chile)","http://www.jobandtalent.com/cl/ofertas-de-empleo/confidential-vendedor-kkez3o","Confidential","Hace 8 horas"
"Vendedor","san bernardo (Chile)","http://www.jobandtalent.com/cl/ofertas-de-empleo/confidential-vendedor-cxsiuf","Confidential","Hace 8 horas"
"Coordinador/Supervisor QHSE","punta arenas (Chile)","http://www.jobandtalent.com/cl/ofertas-de-empleo/confidential-coordinador-supervisor-qhse-fy0blq","Confidential","Hace 8 horas"
"Practica para Diseñador/a Gráfico para Amnistía Internacional:Chile","santiago (Chile)","http://www.jobandtalent.com/cl/ofertas-de-empleo/confidential-practica-para-disenador-a-grafico-para-amnistia-internacional-chile-gywf6j","Confidential","Hace 8 horas"
"Técnico en Administración de empresa : Mención Marketing y Ventas.","viña del mar (Chile)","http://www.jobandtalent.com/cl/ofertas-de-empleo/confidential-tecnico-en-administracion-de-empresa-mencion-marketing-y-ventas-5suofs","Confidential","Hace 8 horas"
"Ingenieros","Santiago (Chile)","http://www.jobandtalent.com/cl/ofertas-de-empleo/dicyp-internacional-ltda-ingenieros-20150811","DICyP Internacional Ltda.","Hace 21 días"
"Maestro de cocina","Santiago (Chile)","http://www.jobandtalent.com/cl/ofertas-de-empleo/casino-nacional-maestro-de-cocina-20150811","casino nacional","Hace 21 días"
"Vendedor","Antofagasta (Chile)","http://www.jobandtalent.com/cl/ofertas-de-empleo/didactyl-vendedor-20150811","DIDACTYL","Hace 21 días"
"Ejecutivas Captación en Terreno","santiago (Chile)","http://www.jobandtalent.com/cl/ofertas-de-empleo/confidential-ejecutivas-captacion-en-terreno-vhq6s2","Confidential","Hace 8 horas"
"Técnica Jurídica","Santiago (Chile)","http://www.jobandtalent.com/cl/ofertas-de-empleo/asesorias-legales-jf-limitada-tecnica-juridica-20150811","Asesorías Legales JF Limitada","Hace 21 días"
"mecánico automotríz","Santiago (Chile)","http://www.jobandtalent.com/cl/ofertas-de-empleo/rentacamionetas-mecanico-automotriz-11082015","rentacamionetas","Hace 21 días"
"Operarios de Producción","Santiago (Chile)","http://www.jobandtalent.com/cl/ofertas-de-empleo/castano-operarios-de-produccion-20150811","Castaño","Hace 21 días"
"Agentes de seguros","santiago (Chile)","http://www.jobandtalent.com/cl/ofertas-de-empleo/compania-de-seguros-elegida-la-mejor-compania-de-seguros-2014-agentes-de-seguros-20150811","compañia de seguros (Elegida la mejor compañía de seguros 2014)","Hace 21 días"
"Secretaria Administrativa","Rancagua (Chile)","http://www.jobandtalent.com/cl/ofertas-de-empleo/depilaser-spa-secretaria-administrativa-20150811","Depilaser SPA","Hace 21 días"
"Se nesecita INGENIERO CIVIL","Rancagua (Chile)","http://www.jobandtalent.com/cl/ofertas-de-empleo/mgyt-se-nesecita-ingeniero-civil-11082015","MGYT","Hace 20 días"
"Auxiliar de aseo","Santiago  (Chile)","http://www.jobandtalent.com/cl/ofertas-de-empleo/elizabeth-chacano-espinoza-auxiliar-de-aseo-11082015","Elizabeth chacano espinoza","Hace 20 días"
"SUPERVISOR QUÍMICO","MEJILLONES (Chile)","http://www.jobandtalent.com/cl/ofertas-de-empleo/posco-engineering-construction-supervisor-quimico-20150811","POSCO ENGINEERING & CONSTRUCTION","Hace 21 días"
"Ayudante electricista","antofagasta (Chile)","http://www.jobandtalent.com/cl/ofertas-de-empleo/confidential-ayudante-electricista-3d0pu8","Confidential","Hace 8 horas"
"Ingenieria o Tecnico","providencia (Chile)","http://www.jobandtalent.com/cl/ofertas-de-empleo/confidential-ingenieria-o-tecnico-3ywv7m","Confidential","Hace 8 horas"
"Ejecutivo de Ventas","Santiago (Chile)","http://www.jobandtalent.com/cl/ofertas-de-empleo/grupo-nuestros-parques-ejecutivo-de-ventas-20150811","Grupo Nuestros Parques","Hace 21 días"
"Ayudante Eléctrico La Pintana","la pintana (Chile)","http://www.jobandtalent.com/cl/ofertas-de-empleo/confidential-ayudante-electrico-la-pintana-2cgza4","Confidential","Hace 8 horas"
"Contador público","Santiago (Chile)","http://www.jobandtalent.com/cl/ofertas-de-empleo/prodiel-contador-publico-11082015","PRODIEL","Hace 20 días"
"Ingeniero Constructor, Arquitecto o Constructor Civil","arica (Chile)","http://www.jobandtalent.com/cl/ofertas-de-empleo/confidential-ingeniero-constructor-arquitecto-o-constructor-civil-lig0cn","Confidential","Hace 8 horas"
"Estudiantes trabaje Part time","santiago (Chile)","http://www.jobandtalent.com/cl/ofertas-de-empleo/confidential-estudiantes-trabaje-part-time-wrh3os","Confidential","Hace 8 horas"
"Vendedores Independientes gran oportunidad","santiago (Chile)","http://www.jobandtalent.com/cl/ofertas-de-empleo/confidential-vendedores-independientes-gran-oportunidad-y443vu","Confidential","Hace 8 horas"
"Asistente o Trabajadora Social","santiago (Chile)","http://www.jobandtalent.com/cl/ofertas-de-empleo/confidential-asistente-o-trabajadora-social-mq1cy4","Confidential","Hace 8 horas"
"Asistente Comercial : Providencia","providencia (Chile)","http://www.jobandtalent.com/cl/ofertas-de-empleo/confidential-asistente-comercial-providencia-sn97j4","Confidential","Hace 8 horas"
"Actividad independiente","santiago (Chile)","http://www.jobandtalent.com/cl/ofertas-de-empleo/confidential-actividad-independiente-v6hga6","Confidential","Hace 8 horas"
"Vendedor","Concepcion (Chile)","http://www.jobandtalent.com/cl/ofertas-de-empleo/inversiones-delta-vendedor-20150831","Inversiones Delta","Hace 19 horas"
"Operarios de bodega para Macul","macul (Chile)","http://www.jobandtalent.com/cl/ofertas-de-empleo/confidential-operarios-de-bodega-para-macul-5916it","Confidential","Hace 8 horas"
"Control Interno","Satiango (Chile)","http://www.jobandtalent.com/cl/ofertas-de-empleo/geol-ltda-control-interno-20150831","Geol LTDA","Hace 18 horas"
"ADMINISTRATIVO JUNIOR","Santiago (Chile)","http://www.jobandtalent.com/cl/ofertas-de-empleo/geol-ltda-administrativo-junior-20150831","Geol LTDA","Hace 18 horas"
"EMPRESA DE TECNOLOGIA SASMUNG","VIÑA DEL MAR  (Chile)","http://www.jobandtalent.com/cl/ofertas-de-empleo/samsung-empresa-de-tecnologia-sasmung-31082015","SAMSUNG","Hace 14 horas"
"Secretaria Administrativa","Santiago (Chile)","http://www.jobandtalent.com/cl/ofertas-de-empleo/bdv-cobranzas-callcenter-secretaria-administrativa-31082015","BDV COBRANZAS CALLCENTER","Hace 14 horas"
"Guardias de Seguridad Centro de Justicia","santiago (Chile)","http://www.jobandtalent.com/cl/ofertas-de-empleo/confidential-guardias-de-seguridad-centro-de-justicia-kcj0gc","Confidential","Hace 8 horas"
"Tecnico en Redes y Telecomunicaciones","CURICO TALCA LINARES (Chile)","http://www.jobandtalent.com/cl/ofertas-de-empleo/empresa-regional-tecnico-en-redes-y-telecomunicaciones-31082015","EMPRESA REGIONAL","Hace 1 día"
"EJECUTIVOS CON EXPERIENCIA EN CALL PARA PLATAFORMA DE VENTAS INBOUND","SANTIAGO (Chile)","http://www.jobandtalent.com/cl/ofertas-de-empleo/dts-call-center-ejecutivos-con-experiencia-en-call-para-plataforma-de-ventas-inbound-31082015","DTS CALL CENTER","Hace 6 horas"
"Vendedores","Quilpue (Chile)","http://www.jobandtalent.com/cl/ofertas-de-empleo/dream-to-live-vendedores-20150831","Dream to live","Hace 10 horas"
"Importante marca de juguetes requiere mercaderista rutero para Colina/Stgo $2...","Santiago (Chile)","http://www.jobandtalent.com/cl/ofertas-de-empleo/ecr-group-importante-marca-de-juguetes-requiere-mercaderista-rutero-para-colina-stgo-270-000-31082015","ECR GROUP","Hace 9 horas"
"Asistente administrativo (45 hrs. semanales)","maipu (Chile)","http://www.jobandtalent.com/cl/ofertas-de-empleo/administradora-de-restaurantes-asistente-administrativo-45-hrs-semanales-31082015","administradora de Restaurantes","Hace 6 horas"
"se necesita guardia de seguridad con curso OS-10 vigente","Viña del mar (Chile)","http://www.jobandtalent.com/cl/ofertas-de-empleo/condominio-parque-nororiente-se-necesita-guardia-de-seguridad-con-curso-os-10-vigente-12082015","condominio parque nororiente","Hace 19 días"
"Administrativa Junior","Santiago (Chile)","http://www.jobandtalent.com/cl/ofertas-de-empleo/club-deportivo-universidad-catolica-administrativa-junior-20150831","Club Deportivo Universidad Catolica","Hace 13 horas"
"Vendedora Chocolatería / Vitacura","Santiago (Chile)","http://www.jobandtalent.com/cl/ofertas-de-empleo/ecr-group-vendedora-chocolateria-vitacura-31082015","ECR GROUP","Hace 13 horas"
"Vendedora Administrativa Salón de Té","Santiago (Chile)","http://www.jobandtalent.com/cl/ofertas-de-empleo/productos-san-camilo-s-a-vendedora-administrativa-salon-de-te-31082015","PRODUCTOS SAN CAMILO S.A.","Hace 12 horas"
"Importante cliente de juguetes necesita reponedor para Talagante Peñaflor P h...","Santiago (Chile)","http://www.jobandtalent.com/cl/ofertas-de-empleo/ecr-group-importante-cliente-de-juguetes-necesita-reponedor-para-talagante-penaflor-p-hurtado-31082015","ECR GROUP","Hace 9 horas"
"Ayudantes Bodegas","Santiago (Chile)","http://www.jobandtalent.com/cl/ofertas-de-empleo/subus-chile-ayudantes-bodegas-12082015","Subus Chile","Hace 19 días"
"Vendedora para rubro de Joyería","Providencia (Chile)","http://www.jobandtalent.com/cl/ofertas-de-empleo/potencial-organizacional-vendedora-para-rubro-de-joyeria-31082015","POTENCIAL ORGANIZACIONAL","Hace 7 horas"
"Diseñador Gráfico full time","Santiago (Chile)","http://www.jobandtalent.com/cl/ofertas-de-empleo/nucleo-educativo-disenador-grafico-full-time-12082015","Núcleo Educativo","Hace 19 días"
"tecnico en Construccion o constructor","santiago  (Chile)","http://www.jobandtalent.com/cl/ofertas-de-empleo/pie-de-monte-ltda-tecnico-en-construccion-o-constructor-15082015","pie de monte ltda","Hace 16 días"
"Ayudantes Carroceros Automotrices","Santiago (Chile)","http://www.jobandtalent.com/cl/ofertas-de-empleo/subus-chile-ayudantes-carroceros-automotrices-12082015","Subus Chile","Hace 19 días"
"ESTUDIANTE  DE ELECTRONICA","MAIPU (Chile)","http://www.jobandtalent.com/cl/ofertas-de-empleo/regio-aqua-comercializadora-estudiante-de-electronica-20150813","REGIO AQUA COMERCIALIZADORA","Hace 19 días"
"Técnico electrico","Santiago (Chile)","http://www.jobandtalent.com/cl/ofertas-de-empleo/apza-ingenieria-spa-tecnico-electrico-20150813","APZA Ingenieria SpA","Hace 19 días"
"Country Manager","Providencia (Chile)","http://www.jobandtalent.com/cl/ofertas-de-empleo/nxtp-labs-chile-country-manager-20150813","Nxtp Labs Chile","Hace 19 días"
"ASESOR EN INVERSIONES","Santiago (Chile)","http://www.jobandtalent.com/cl/ofertas-de-empleo/city-credit-capital-asesor-en-inversiones-14082015","City Credit Capital","Hace 17 días"
"Ingeniero Ejecucion Industrial. Supervisor de produccion","Santiago (Chile)","http://www.jobandtalent.com/cl/ofertas-de-empleo/codigo-ltda-ingeniero-ejecucion-industrial-supervisor-de-produccion-06082015","Codigo Ltda.","Hace 25 días"
"Contecnica","Santiago (Chile)","http://www.jobandtalent.com/cl/ofertas-de-empleo/contecnica-contecnica-17082015","Contecnica","Hace 15 días"
"Contador General","Santiago (Chile)","http://www.jobandtalent.com/cl/ofertas-de-empleo/hbo-contador-general-20150817","HBO","Hace 15 días"
"Patricia Palavicino M","Santiago (Chile)","http://www.jobandtalent.com/cl/ofertas-de-empleo/tranportes-patricia-palavicino-m-07082015","Tranportes","Hace 24 días"
"Programador / Desarrollador Web","Santiago (Chile)","http://www.jobandtalent.com/cl/ofertas-de-empleo/social-web-programador-desarrollador-web-17082015","Social Web","Hace 14 días"
"venta directa","Santiago (Chile)","http://www.jobandtalent.com/cl/ofertas-de-empleo/r-b-asociados-venta-directa-20150817","R&B Asociados","Hace 15 días"
"NIU Sushi requiere Repartidores de MOTO propia","Las Condes (Chile)","http://www.jobandtalent.com/cl/ofertas-de-empleo/niu-sushi-niu-sushi-requiere-repartidores-de-moto-propia-07082015","Niu Sushi","Hace 24 días"
"Coperos para Local de SUSHI","Vitacura (Chile)","http://www.jobandtalent.com/cl/ofertas-de-empleo/niu-sushi-coperos-para-local-de-sushi-07082015","Niu Sushi","Hace 24 días"
"AUXILIAR DE ASEO PREFERENCIA MUJER REEMPLAZO POR LICENCIA MEDICA","SANTIAGO (Chile)","http://www.jobandtalent.com/cl/ofertas-de-empleo/colegio-el-vergel-auxiliar-de-aseo-preferencia-mujer-reemplazo-por-licencia-medica-06082015","COLEGIO EL VERGEL","Hace 25 días"
"Auxiliar Alimentación para Hospital","Santiago (Chile)","http://www.jobandtalent.com/cl/ofertas-de-empleo/importante-empresa-de-salud-auxiliar-alimentacion-para-hospital-06082015","Importante Empresa de Salud","Hace 25 días"
"Ejecutivo de Ventas Terreno Importante Dealer VTR","Santiago (Chile)","http://www.jobandtalent.com/cl/ofertas-de-empleo/servicios-empresariales-insert-pro-sap-ejecutivo-de-ventas-terreno-importante-dealer-vtr-10082015","Servicios Empresariales Insert Pro SAP","Hace 21 días"
"Karatbars International, una oportunidad de negocio.","chile (Chile)","http://www.jobandtalent.com/cl/ofertas-de-empleo/karatbars-internacional-karatbars-international-una-oportunidad-de-negocio-10082015-5","KARATBARS INTERNACIONAL","Hace 22 días"
"ASISTENTE DE CONTABILIDAD","SANTIAGO (Chile)","http://www.jobandtalent.com/cl/ofertas-de-empleo/comercial-golden-motors-limitada-asistente-de-contabilidad-10082015","COMERCIAL GOLDEN MOTORS LIMITADA","Hace 22 días"
"Repartidores de Sushi para Turno de AM","Las Condes (Chile)","http://www.jobandtalent.com/cl/ofertas-de-empleo/niu-sushi-repartidores-de-sushi-para-turno-de-am-07082015","Niu Sushi","Hace 24 días"
"Ayudantes de Cocina para Local de Sushi","Las Condes (Chile)","http://www.jobandtalent.com/cl/ofertas-de-empleo/niu-sushi-ayudantes-de-cocina-para-local-de-sushi-07082015","Niu Sushi","Hace 24 días"
"Profesoras para talleres infantiles","Santiago (Chile)","http://www.jobandtalent.com/cl/ofertas-de-empleo/balu-ltda-profesoras-para-talleres-infantiles-20150825","Balu Ltda","Hace 6 días"
"Auxiliar de Servicio para Hospital","Santiago (Chile)","http://www.jobandtalent.com/cl/ofertas-de-empleo/medical-nursing-care-auxiliar-de-servicio-para-hospital-25082015","Medical & Nursing Care","Hace 6 días"
"ESTUDIANTE EN PRACTICA DE CONTABILIDAD","Santiago (Chile)","http://www.jobandtalent.com/cl/ofertas-de-empleo/lasem-chile-s-a-estudiante-en-practica-de-contabilidad-26082015","Lasem Chile S.A","Hace 6 días"
"Soldador Mig para maestranza dedicada a modulos blindados","santiago (Chile)","http://www.jobandtalent.com/cl/ofertas-de-empleo/redsite-soldador-mig-para-maestranza-dedicada-a-modulos-blindados-25082015","RedSite","Hace 7 días"
"Ejecutivo Telemarketing","santiago (Chile)","http://www.jobandtalent.com/cl/ofertas-de-empleo/clear-people-ejecutivo-telemarketing-25082015","Clear People","Hace 7 días"
"Supervisora para Local de Entretenimientos","Las Condes (Chile)","http://www.jobandtalent.com/cl/ofertas-de-empleo/potencial-organizacional-supervisora-para-local-de-entretenimientos-25082015","POTENCIAL ORGANIZACIONAL","Hace 6 días"
"Operador de maquina de impresión","Santiago (Chile)","http://www.jobandtalent.com/cl/ofertas-de-empleo/rial-impresores-operador-de-maquina-de-impresion-25082015","RIAL IMPRESORES","Hace 6 días"
"Operario de  Bodega  Ropa  Deportiva Enea  Pudahuel","santiago (Chile)","http://www.jobandtalent.com/cl/ofertas-de-empleo/fuerza-laboral-est-operario-de-bodega-ropa-deportiva-enea-pudahuel-26082015","fuerza  Laboral  Est","Hace 6 días"
"Ejecutiva Comercial para la Sexta Región","Rancagua (Chile)","http://www.jobandtalent.com/cl/ofertas-de-empleo/potencial-organizacional-ejecutiva-comercial-para-la-sexta-region-25082015","POTENCIAL ORGANIZACIONAL","Hace 6 días"
"DISEÑADOR GRAFICO OPERADOR PLOTTER","santiago (Chile)","http://www.jobandtalent.com/cl/ofertas-de-empleo/taller-ideas-disenador-grafico-operador-plotter-26082015","Taller Ideas","Hace 5 días"
"Guardia   de  Seguridad San Francisco  Pudahuel","santiago (Chile)","http://www.jobandtalent.com/cl/ofertas-de-empleo/fuerza-laboral-est-guardia-de-seguridad-san-francisco-pudahuel-26082015","fuerza  Laboral  Est","Hace 6 días"
"Importante marca de telefonía necesita Anfitrionas Evento $30.000 diario jue-...","Santiago  (Chile)","http://www.jobandtalent.com/cl/ofertas-de-empleo/ecr-group-importante-marca-de-telefonia-necesita-anfitrionas-evento-30-000-diario-jue-vie-sab-27082015","ECR GROUP","Hace 4 días"
"Carnicero o ayudante","santiago (Chile)","http://www.jobandtalent.com/cl/ofertas-de-empleo/agrolujuma-carnicero-o-ayudante-20150826","AGROLUJUMA","Hace 6 días"
"Auxiliar  de  Aseo Sector   de  Enea  Pudahuel","santiago (Chile)","http://www.jobandtalent.com/cl/ofertas-de-empleo/fuerza-laboral-est-auxiliar-de-aseo-sector-de-enea-pudahuel-26082015","fuerza  Laboral  Est","Hace 6 días"
"Gerente De Finanzas","Providencia (Chile)","http://www.jobandtalent.com/cl/ofertas-de-empleo/grupo-intellego-gerente-de-finanzas-26082015","GRUPO INTELLEGO","Hace 6 días"
"Linares Marca de bebidas necesita reponedores fiestas patrias $8.000 diario F...","Linares  (Chile)","http://www.jobandtalent.com/cl/ofertas-de-empleo/ecr-group-linares-marca-de-bebidas-necesita-reponedores-fiestas-patrias-8-000-diario-full-time-27082015","ECR GROUP","Hace 4 días"
"Recepcionista (Representante de Servicio al Huésped)","Santiago (Chile)","http://www.jobandtalent.com/cl/ofertas-de-empleo/sc-andina-inc-recepcionista-representante-de-servicio-al-huesped-28082015","SC (ANDINA), INC.","Hace 4 días"
"Profesor de Matemáticas","Valparaíso (Chile)","http://www.jobandtalent.com/cl/ofertas-de-empleo/escuela-basica-arturo-prat-profesor-de-matematicas-27082015","Escuela Básica Arturo Prat","Hace 4 días"
"Ejecutivo de Ventas Terreno Telecomunicaciones","santiago (Chile)","http://www.jobandtalent.com/cl/ofertas-de-empleo/inicia-outsourcing-spa-ejecutivo-de-ventas-terreno-telecomunicaciones-27082015","INICIA OUTSOURCING SPA","Hace 4 días"
"Asistente Social Jefatura área Social en Institución de Salud.","Santiago  (Chile)","http://www.jobandtalent.com/cl/ofertas-de-empleo/importante-empresa-asistente-social-jefatura-area-social-en-institucion-de-salud-28082015","Importante empresa","Hace 3 días"
"Ejecutivo Comercial (Call Center)","Santiago (Chile)","http://www.jobandtalent.com/cl/ofertas-de-empleo/ecr-group-ejecutivo-comercial-call-center-28082015","ECR GROUP","Hace 3 días"
"GARZONES Y GARZONAS","Santiago (Chile)","http://www.jobandtalent.com/cl/ofertas-de-empleo/productos-san-camilo-s-a-garzones-y-garzonas-28082015","PRODUCTOS SAN CAMILO S.A.","Hace 4 días"
"Ejecutivos: Soporte Técnico","Santiago (Chile)","http://www.jobandtalent.com/cl/ofertas-de-empleo/ecr-group-ejecutivos-soporte-tecnico-28082015","ECR GROUP","Hace 3 días"
"VENDEDORAS Y VENDEDORES JORNADA COMPLETA O PARCIAL","Santiago (Chile)","http://www.jobandtalent.com/cl/ofertas-de-empleo/productos-san-camilo-s-a-vendedoras-y-vendedores-jornada-completa-o-parcial-28082015","PRODUCTOS SAN CAMILO S.A.","Hace 4 días"
"PROMOTORES / VENDEDORES GRANDES TIENDAS (TELEFONÍA)","Santiago (Chile)","http://www.jobandtalent.com/cl/ofertas-de-empleo/ecr-group-promotores-vendedores-grandes-tiendas-telefonia-28082015","ECR GROUP","Hace 3 días"
"Sub Gerente Administración de Finanzas, institución de salud.","Santiago  (Chile)","http://www.jobandtalent.com/cl/ofertas-de-empleo/importante-empresa-sub-gerente-administracion-de-finanzas-institucion-de-salud-28082015","Importante empresa","Hace 3 días"
"promotor/a","santiago (Chile)","http://www.jobandtalent.com/cl/ofertas-de-empleo/open-red-promotor-a-20150821","Open red","Hace 11 días"
"Marca de abarrotes necesita reponedores Lunes a Domingo 6x1 $300.000 Todo San...","Santiago (Chile)","http://www.jobandtalent.com/cl/ofertas-de-empleo/ecr-group-marca-de-abarrotes-necesita-reponedores-lunes-a-domingo-6x1-300-000-todo-santiago-28082015","ECR GROUP","Hace 4 días"
"Asistente de Soporte y Sistemas","Quilicura  (Chile)","http://www.jobandtalent.com/cl/ofertas-de-empleo/empresa-industrial-asistente-de-soporte-y-sistemas-21082015","Empresa industrial","Hace 10 días"
"Analista Contable","Quilicura  (Chile)","http://www.jobandtalent.com/cl/ofertas-de-empleo/arrigoni-metalurgica-s-a-analista-contable-21082015","ARRIGONI METALÚRGICA S.A.","Hace 10 días"
"Asistente de local","Copiapó (Chile)","http://www.jobandtalent.com/cl/ofertas-de-empleo/juan-maestro-asistente-de-local-30082015","Juan Maestro","Hace 1 día"
"Vendedor(a) Con disponibilidad Inmediata","Santiago (Chile)","http://www.jobandtalent.com/cl/ofertas-de-empleo/distribuidora-de-alimentos-liquidos-vendedor-a-con-disponibilidad-inmediata-21082015","Distribuidora de Alimentos líquidos","Hace 10 días"
"Vendedor(a) Part time y Full time (San Bernardo)","San Bernardo (Chile)","http://www.jobandtalent.com/cl/ofertas-de-empleo/distribuidora-de-bebidas-y-alimentos-vendedor-a-part-time-y-full-time-san-bernardo-21082015","Distribuidora de Bebidas y Alimentos","Hace 10 días"
"Importante marca de juguetes requiere mercaderista rutero para San Vicente $1...","San Vicente de Tagua Tagua (Chile)","http://www.jobandtalent.com/cl/ofertas-de-empleo/ecr-group-importante-marca-de-juguetes-requiere-mercaderista-rutero-para-san-vicente-100-000-31082015","ECR GROUP","Hace 9 horas"
"Ejecutivos en Ventas","Santiago (Chile)","http://www.jobandtalent.com/cl/ofertas-de-empleo/grupo-esvas-ejecutivos-en-ventas-20150824","GRUPO ESVAS","Hace 8 días"
"Asistente comercial","santiago (Chile)","http://www.jobandtalent.com/cl/ofertas-de-empleo/servicios-tecnologicos-nsp-chile-asistente-comercial-21082015","Servicios Tecnológicos NSP Chile","Hace 11 días"
"Práctica Servicio al Cliente","Las Condes (Chile)","http://www.jobandtalent.com/cl/ofertas-de-empleo/multiservicios-ok-practica-servicio-al-cliente-21082015","Multiservicios Ok","Hace 10 días"
"Práctica Profesional Ingeniería Comercial","Santiago (Chile)","http://www.jobandtalent.com/cl/ofertas-de-empleo/paris-administradora-ltda-practica-profesional-ingenieria-comercial-20150824","Paris Administradora LTDA.","Hace 8 días"
"Asistentes de prevención de perdidas","Santiago (Chile)","http://www.jobandtalent.com/cl/ofertas-de-empleo/johnson-administradora-ltda-asistentes-de-prevencion-de-perdidas-20150824","Johnson Administradora LTDA.","Hace 8 días"
"Guardias de Seguridad","Santiago (Chile)","http://www.jobandtalent.com/cl/ofertas-de-empleo/johnson-administradora-ltda-guardias-de-seguridad-20150824","Johnson Administradora LTDA.","Hace 8 días"
"Vendedores(as) Jornada Completa (30 mil Diarios)","San Bernardo (Chile)","http://www.jobandtalent.com/cl/ofertas-de-empleo/distribuidora-de-alimentos-liquidos-vendedores-as-jornada-completa-30-mil-diarios-21082015","Distribuidora de Alimentos líquidos","Hace 10 días"
"venta por catálogo","santiago (Chile)","http://www.jobandtalent.com/cl/ofertas-de-empleo/oriflame-venta-por-catalogo-20150817","Oriflame","Hace 15 días"
"PROMOTOR","santiago (Chile)","http://www.jobandtalent.com/cl/ofertas-de-empleo/open-red-promotor-20150824","OPEN RED","Hace 8 días"
"Práctica Psicología Laboral","Santiago (Chile)","http://www.jobandtalent.com/cl/ofertas-de-empleo/paris-administradora-ltda-practica-psicologia-laboral-20150824","Paris Administradora LTDA.","Hace 8 días"
"Vendedores","Santiago (Chile)","http://www.jobandtalent.com/cl/ofertas-de-empleo/ompostulacion-vendedores-20150818","OmPostulacion","Hace 14 días"
"Ejecutivos de ventas terreno para VTR","san antonio  (Chile)","http://www.jobandtalent.com/cl/ofertas-de-empleo/amw-asociados-ejecutivos-de-ventas-terreno-para-vtr-24082015","AMW & asociados","Hace 8 días"
"Auxiliar de servicios/aseo","santiago (Chile)","http://www.jobandtalent.com/cl/ofertas-de-empleo/club-de-futbol-colo-colo-auxiliar-de-servicios-aseo-20150817","Club de Futbol Colo Colo","Hace 15 días"
"Jóvenes Vendedores","Santiago (Chile)","http://www.jobandtalent.com/cl/ofertas-de-empleo/importante-empresa-jovenes-vendedores-20150818","Importante Empresa","Hace 14 días"
"EMPRESA GES ESTRUCTURAS","RANCAGUA (Chile)","http://www.jobandtalent.com/cl/ofertas-de-empleo/ges-estructuras-empresa-ges-estructuras-20150818","GES ESTRUCTURAS","Hace 14 días"
"Distribución/Ventas","Santiago (Chile)","http://www.jobandtalent.com/cl/ofertas-de-empleo/ompostulacion-distribucion-ventas-20150818","OmPostulacion","Hace 14 días"
"Vendedores","Santiago (Chile)","http://www.jobandtalent.com/cl/ofertas-de-empleo/ompostulacion-vendedores-20150818-3","OmPostulacion","Hace 14 días"
"Arica Marca de bebidas necesita reponedores apoyo fiestas patrias $10.000 dia...","Arica (Chile)","http://www.jobandtalent.com/cl/ofertas-de-empleo/ecr-group-arica-marca-de-bebidas-necesita-reponedores-apoyo-fiestas-patrias-10-000-diario-full-time-27082015","ECR GROUP","Hace 4 días"
"Ejecutivo en Ventas","La Serena  (Chile)","http://www.jobandtalent.com/cl/ofertas-de-empleo/ompostulacion-ejecutivo-en-ventas-20150818","OmPostulacion","Hace 14 días"
"Vendedor","Santiago (Chile)","http://www.jobandtalent.com/cl/ofertas-de-empleo/ompostulacion-vendedor-20150818","OmPostulacion","Hace 14 días"
"Marca de Cosmética Requiere Contratar Consultoras de Belleza Full $269.000 Lí...","Santiago (Chile)","http://www.jobandtalent.com/cl/ofertas-de-empleo/ecr-group-marca-de-cosmetica-requiere-contratar-consultoras-de-belleza-full-269-000-liq-bono-27082015","ECR GROUP","Hace 5 días"
"Vendedor","Santiago (Chile)","http://www.jobandtalent.com/cl/ofertas-de-empleo/ompostulacion-vendedor-20150818-2","OmPostulacion","Hace 14 días"
"Ayudante de Cocina","SANTIAGO (Chile)","http://www.jobandtalent.com/cl/ofertas-de-empleo/hotel-leonardo-da-vinci-ayudante-de-cocina-27082015","HOTEL LEONARDO DA VINCI","Hace 5 días"
"Sub Gerente de Farmacia / Director Técnico.","Santiago  (Chile)","http://www.jobandtalent.com/cl/ofertas-de-empleo/importante-empresa-quimico-farmaceutico-para-director-tecnico-27082015","Importante empresa","Hace 4 días"
"Vendedores","Santiago (Chile)","http://www.jobandtalent.com/cl/ofertas-de-empleo/ompostulacion-vendedores-20150818-2","OmPostulacion","Hace 14 días"
"Contador Auditor","Santiago (Chile)","http://www.jobandtalent.com/cl/ofertas-de-empleo/inversiones-administrador-de-empresa-o-contador-18082015","inversiones","Hace 13 días"
"Mecánicos","calama (Chile)","http://www.jobandtalent.com/cl/ofertas-de-empleo/mentencion-mecanica-mecanicos-20150827","mentencion mecanica","Hace 5 días"
"Técnico en Mantención de ascensores y escaleras mecánicas","Santiago (Chile)","http://www.jobandtalent.com/cl/ofertas-de-empleo/importante-empresa-internacional-de-equipos-de-elevacion-tecnico-en-mantencion-de-ascensores-y-escaleras-mecanicas-27082015","Importante Empresa internacional de equipos de elevación","Hace 4 días"
"Antofagasta Marca de bebidas necesita reponedores fiestas patrias $12.000 dia...","Antofagasta  (Chile)","http://www.jobandtalent.com/cl/ofertas-de-empleo/ecr-group-antofagasta-marca-de-bebidas-necesita-reponedores-fiestas-patrias-12-000-diario-full-time-27082015","ECR GROUP","Hace 4 días"
"VISITADOR MEDICO","Santiago (Chile)","http://www.jobandtalent.com/cl/ofertas-de-empleo/city-credit-visitador-medico-27082015","CITY CREDIT","Hace 5 días"
"Calama Marca de bebidas necesita reponedores fiestas patrias $14.000 diario F...","Calama  (Chile)","http://www.jobandtalent.com/cl/ofertas-de-empleo/ecr-group-calama-marca-de-bebidas-necesita-reponedores-fiestas-patrias-14-000-diario-full-time-27082015","ECR GROUP","Hace 4 días"
"Talca Marca de bebidas necesita reponedores fiestas patrias $8.000 diario Ful...","Talca  (Chile)","http://www.jobandtalent.com/cl/ofertas-de-empleo/ecr-group-talca-marca-de-bebidas-necesita-reponedores-fiestas-patrias-8-000-diario-full-time-27082015","ECR GROUP","Hace 4 días"
"Marca de bebidas necesita reponedores apoyo fiestas patrias $280.000 mensual 6x1","Santiago (Chile)","http://www.jobandtalent.com/cl/ofertas-de-empleo/ecr-group-marca-de-bebidas-necesita-reponedores-apoyo-fiestas-patrias-280-000-mensual-6x1-27082015","ECR GROUP","Hace 4 días"
"Marca de bebidas necesita reponedores apoyo fiestas patrias $13.000 VI-SA-DOM","Santiago (Chile)","http://www.jobandtalent.com/cl/ofertas-de-empleo/ecr-group-marca-de-bebidas-necesita-reponedores-apoyo-fiestas-patrias-13-000-vi-sa-dom-27082015","ECR GROUP","Hace 4 días"
"Contador Auditor","Santiago (Chile)","http://www.jobandtalent.com/cl/ofertas-de-empleo/mobel-group-contador-auditor-27082015","Mobel Group","Hace 4 días"
"Iquique Marca de bebidas necesita reponedores apoyo fiestas patrias $12000 di...","Iquique (Chile)","http://www.jobandtalent.com/cl/ofertas-de-empleo/ecr-group-iquique-marca-de-bebidas-necesita-reponedores-apoyo-fiestas-patrias-12000-diario-fulltime-27082015","ECR GROUP","Hace 4 días"
"Operario  Tuno  tarde  lo  boza","santiago (Chile)","http://www.jobandtalent.com/cl/ofertas-de-empleo/fuerza-laboral-est-operario-tuno-tarde-lo-boza-26082015","fuerza  Laboral  Est","Hace 6 días"
"Maestro Mueblista Linea Plana","Santiago (Chile)","http://www.jobandtalent.com/cl/ofertas-de-empleo/mobel-group-maestro-mueblista-linea-plana-26082015","Mobel Group","Hace 6 días"
"Ayudante Mueblista","Santiago (Chile)","http://www.jobandtalent.com/cl/ofertas-de-empleo/mobel-group-ayudante-mueblista-26082015","Mobel Group","Hace 6 días"
"SECRETARIA ADMINISTRATIVA","SANTIAGO DE CHILE (Chile)","http://www.jobandtalent.com/cl/ofertas-de-empleo/telenet-ltda-secretaria-administrativa-20150826","TELENET LTDA","Hace 6 días"
"Tesorero","Providencia (Chile)","http://www.jobandtalent.com/cl/ofertas-de-empleo/grupo-intellego-tesorero-26082015","GRUPO INTELLEGO","Hace 5 días"
"Desarrollador Sharepoint y .NET","Santiago, Las COndes (Chile)","http://www.jobandtalent.com/cl/ofertas-de-empleo/soft-desarrollador-sharepoint-y-net-20150827","Soft","Hace 5 días"
"Ejecutivos Venta Terreno Telecomunicaciones","Santiago (Chile)","http://www.jobandtalent.com/cl/ofertas-de-empleo/ecr-perspectiva-chile-ejecutivos-venta-terreno-telecomunicaciones-26082015","ECR PERSPECTIVA CHILE","Hace 5 días"
"Conductor Con Licencia Clase B y A4","Santiago (Chile)","http://www.jobandtalent.com/cl/ofertas-de-empleo/dona-blanca-ltda-conductor-con-licencia-clase-b-y-a4-26082015","Doña Blanca Ltda","Hace 5 días"
"Choferes/ Rent a Car","Santiago (Chile)","http://www.jobandtalent.com/cl/ofertas-de-empleo/ecr-perspectiva-chile-choferes-rent-a-car-350-000-liquidos-26082015","ECR PERSPECTIVA CHILE","Hace 5 días"
"Técnico Agrícola (no ingeniero agrícola)","Nogales (Chile)","http://www.jobandtalent.com/cl/ofertas-de-empleo/sakata-seed-chile-s-a-tecnico-agricola-no-ingeniero-agricola-26082015","SAKATA SEED CHILE S.A.","Hace 5 días"
"Mercaderista rutero","Santiago (Chile)","http://www.jobandtalent.com/cl/ofertas-de-empleo/ecr-perspectiva-chile-importante-marca-de-licores-necesita-mercaderista-rutero-para-sector-oriente-269-000-liq-26082015","ECR PERSPECTIVA CHILE","Hace 5 días"
"CAJERAS JUAN MAESTRO ESPACIO URBANO PLAZA MAIPU","santiago (Chile)","http://www.jobandtalent.com/cl/ofertas-de-empleo/administradora-de-restaurantes-cajeras-juan-maestro-espacio-urbano-plaza-maipu-26082015","administradora de Restaurantes","Hace 5 días"
"Administrativo Restaurant Tanaka, Vitacura","santiago (Chile)","http://www.jobandtalent.com/cl/ofertas-de-empleo/misaki-spa-administrativo-restaurant-tanaka-vitacura-18082015","misaki spa","Hace 13 días"
"Preparador de platos","Santiago (Chile)","http://www.jobandtalent.com/cl/ofertas-de-empleo/ecr-perspectiva-chile-empresa-avicola-requiere-personal-para-penalolen-300-000-aprox-6x1-turnos-rotativos-26082015","ECR PERSPECTIVA CHILE","Hace 5 días"
"Maestros de construcción","valparaíso (Chile)","http://www.jobandtalent.com/cl/ofertas-de-empleo/montec-maestros-de-construccion-18082015","Montec","Hace 13 días"
"Reemplazo de pre y post natal para Asesor de Emprendimiento Ovalle","Ovalle (Chile)","http://www.jobandtalent.com/cl/ofertas-de-empleo/fundacion-banigualdad-reemplazo-de-pre-y-post-natal-para-asesor-de-emprendimiento-ovalle-19082015","Fundación Banigualdad","Hace 13 días"
"se necesitan camiones de 5000 kilos para reparto","lampa (Chile)","http://www.jobandtalent.com/cl/ofertas-de-empleo/cristian-sarmiento-se-necesitan-camiones-de-5000-kilos-para-reparto-19082015","cristian sarmiento","Hace 13 días"
"ejecutivo de ventas","Concepcion (Chile)","http://www.jobandtalent.com/cl/ofertas-de-empleo/proteger-ejecutivo-de-ventas-20150819","Proteger","Hace 13 días"
"camiones de 5000 kilos","lampa (Chile)","http://www.jobandtalent.com/cl/ofertas-de-empleo/haddad-camiones-de-5000-kilos-19082015","haddad","Hace 13 días"
"Vendedores con o sin experiencia","San Bernardo (Chile)","http://www.jobandtalent.com/cl/ofertas-de-empleo/distribuidora-de-bebidas-y-alimentos-vendedores-con-o-sin-experiencia-19082015","DISTRIBUIDORA DE BEBIDAS Y ALIMENTOS","Hace 13 días"
"Asistente Social","santiago (Chile)","http://www.jobandtalent.com/cl/ofertas-de-empleo/importante-empresa-rubro-alimentacion-asistente-social-19082015","IMPORTANTE EMPRESA RUBRO ALIMENTACION","Hace 12 días"
"Vendedoras full time o part time con o sin experiencia","Santiago (Chile)","http://www.jobandtalent.com/cl/ofertas-de-empleo/distribuidora-de-bebidas-y-alimentos-vendedoras-full-time-o-part-time-con-o-sin-experiencia-19082015","DISTRIBUIDORA DE BEBIDAS Y ALIMENTOS","Hace 13 días"
"Maestro Acriliquero","Santiago (Chile)","http://www.jobandtalent.com/cl/ofertas-de-empleo/mobel-group-maestro-acriliquero-19082015","Mobel Group","Hace 12 días"
"ASESORIAS EN COMERCIO EXTERIOR LAT-COMEX","SANTIAGO- PUDAHUEL (Chile)","http://www.jobandtalent.com/cl/ofertas-de-empleo/asesorias-en-comercio-exterior-lat-comex-asesorias-en-comercio-exterior-lat-comex-19082015","ASESORIAS EN COMERCIO EXTERIOR LAT-COMEX","Hace 12 días"
"Ingeniero de Innovación Área de Software","Santiago (Chile)","http://www.jobandtalent.com/cl/ofertas-de-empleo/shift-labor-ingeniero-de-innovacion-area-de-software-20082015","Shift Labor","Hace 12 días"
"Analista de RR.HH","las condes (Chile)","http://www.jobandtalent.com/cl/ofertas-de-empleo/confidential-analista-de-rr-hh-hra1gp","Confidential","Hace 2 días"
"Guardias de Seguridad 350.000 Centro de Justicia","santiago (Chile)","http://www.jobandtalent.com/cl/ofertas-de-empleo/confidential-guardias-de-seguridad-350-000-centro-de-justicia-urb05a","Confidential","Hace 2 días"
"Coperos. Santiago Centro","santiago (Chile)","http://www.jobandtalent.com/cl/ofertas-de-empleo/confidential-coperos-santiago-centro-99z4qi","Confidential","Hace 2 días"
"Encargado de Control de Asistencia","providencia (Chile)","http://www.jobandtalent.com/cl/ofertas-de-empleo/confidential-encargado-de-control-de-asistencia-5o134x","Confidential","Hace 2 días"
"Ingeniero de Sistemas Linux : Seguridad TI","providencia (Chile)","http://www.jobandtalent.com/cl/ofertas-de-empleo/confidential-ingeniero-de-sistemas-linux-seguridad-ti-a5dh9g","Confidential","Hace 2 días"
"Jefatura Servicio Social para institución de salud.","santiago (Chile)","http://www.jobandtalent.com/cl/ofertas-de-empleo/confidential-jefatura-servicio-social-para-institucion-de-salud-2vycgt","Confidential","Hace 2 días"
"Ejecutivos Telemarketing:Venta","providencia (Chile)","http://www.jobandtalent.com/cl/ofertas-de-empleo/confidential-ejecutivos-telemarketing-venta-7dp5h8","Confidential","Hace 2 días"
"Analista Programador : Visual Basic 6.0","providencia (Chile)","http://www.jobandtalent.com/cl/ofertas-de-empleo/confidential-analista-programador-visual-basic-6-0-nlls8x","Confidential","Hace 2 días"
"Práctica Periodismo : Comunicaciones Internas","macul (Chile)","http://www.jobandtalent.com/cl/ofertas-de-empleo/confidential-practica-periodismo-comunicaciones-internas-8go7ao","Confidential","Hace 2 días"
"Desarrollador Junior Visual Basic 6.0","providencia (Chile)","http://www.jobandtalent.com/cl/ofertas-de-empleo/confidential-desarrollador-junior-visual-basic-6-0-z3wycj","Confidential","Hace 2 días"
"Procurador Judicial: Derecho","santiago (Chile)","http://www.jobandtalent.com/cl/ofertas-de-empleo/confidential-procurador-judicial-derecho-m9u6s1","Confidential","Hace 2 días"
"Periodista","providencia (Chile)","http://www.jobandtalent.com/cl/ofertas-de-empleo/confidential-periodista-gjkxb7","Confidential","Hace 3 días"
"Chief of Staff South LAC Job","buenos aires (Chile)","http://www.jobandtalent.com/cl/ofertas-de-empleo/confidential-chief-of-staff-south-lac-job-lyuv5v","Confidential","Hace 2 días"
"Conductores Metro de Santiago.","santiago (Chile)","http://www.jobandtalent.com/cl/ofertas-de-empleo/confidential-conductores-metro-de-santiago-iv455r","Confidential","Hace 3 días"
"Soporte Técnico/Mesa de Ayuda Santiago Centro","santiago (Chile)","http://www.jobandtalent.com/cl/ofertas-de-empleo/confidential-soporte-tecnico-mesa-de-ayuda-santiago-centro-2jztlv","Confidential","Hace 2 días"
"Mesa de Ayuda 7x24 Turnos Nocturnos","santiago (Chile)","http://www.jobandtalent.com/cl/ofertas-de-empleo/confidential-mesa-de-ayuda-7x24-turnos-nocturnos-wh4w31","Confidential","Hace 2 días"
"Sub Gerente de Administración y Finanzas para Institución de Salud","santiago (Chile)","http://www.jobandtalent.com/cl/ofertas-de-empleo/confidential-sub-gerente-de-administracion-y-finanzas-para-institucion-de-salud-xj5eaf","Confidential","Hace 2 días"
"Arquitecto Mujer para ventas","independencia (Chile)","http://www.jobandtalent.com/cl/ofertas-de-empleo/confidential-arquitecto-mujer-para-ventas-7l0r72","Confidential","Hace 2 días"
"Ejecutivo Venta Intangibles","santiago (Chile)","http://www.jobandtalent.com/cl/ofertas-de-empleo/confidential-ejecutivo-venta-intangibles-yioers","Confidential","Hace 2 días"
"Ayudante administrativo /Office Manager","providencia (Chile)","http://www.jobandtalent.com/cl/ofertas-de-empleo/confidential-ayudante-administrativo-office-manager-dcaj9t","Confidential","Hace 2 días"
"Odontopediatra","los andes (Chile)","http://www.jobandtalent.com/cl/ofertas-de-empleo/confidential-odontopediatra-e4lqgz","Confidential","Hace 2 días"
"Personal de eguridad","el rincon de la florida (Chile)","http://www.jobandtalent.com/cl/ofertas-de-empleo/confidential-personal-de-eguridad-acc005","Confidential","Hace 2 días"
"Cajero. Part:time. Patio Bellavista","santiago (Chile)","http://www.jobandtalent.com/cl/ofertas-de-empleo/confidential-cajero-part-time-patio-bellavista-ywpb4p","Confidential","Hace 2 días"
"Ejecutivo de Ventas de Proyectos Web : Vendedor técnico","santiago (Chile)","http://www.jobandtalent.com/cl/ofertas-de-empleo/confidential-ejecutivo-de-ventas-de-proyectos-web-vendedor-tecnico-xcnkly","Confidential","Hace 2 días"
"Ejecutivo Comercial Senior : Software a Medida","huechuraba (Chile)","http://www.jobandtalent.com/cl/ofertas-de-empleo/confidential-ejecutivo-comercial-senior-software-a-medida-i9jyia","Confidential","Hace 2 días"
"Generador de Tráfico de Clientes Marketer Digital","teletrabajo (Chile)","http://www.jobandtalent.com/cl/ofertas-de-empleo/confidential-generador-de-trafico-de-clientes-marketer-digital-r5wpr5","Confidential","Hace 2 días"
"Técnico o analista de software","maipú (Chile)","http://www.jobandtalent.com/cl/ofertas-de-empleo/confidential-tecnico-o-analista-de-software-glue2w","Confidential","Hace 2 días"
"Procurador","santiago (Chile)","http://www.jobandtalent.com/cl/ofertas-de-empleo/confidential-procurador-qjjzui","Confidential","Hace 2 días"
"Motorista Repartidor/Delivery de Sushi","santiago (Chile)","http://www.jobandtalent.com/cl/ofertas-de-empleo/confidential-motorista-repartidor-delivery-de-sushi-70kduv","Confidential","Hace 2 días"
"Procurador con experiencia","santiago (Chile)","http://www.jobandtalent.com/cl/ofertas-de-empleo/confidential-procurador-con-experiencia-7r6bkh","Confidential","Hace 2 días"
"Ejecutivo Comercial","Santiago  (Chile)","http://www.jobandtalent.com/cl/ofertas-de-empleo/adistra-comercial-ltda-ejecutivo-comercial-24082015","Adistra Comercial Ltda.","Hace 8 días"
"Jefe de Ventas (Rubro Alimentos)","Santiago (Chile)","http://www.jobandtalent.com/cl/ofertas-de-empleo/d-luisa-jefe-de-ventas-rubro-alimentos-24082015","D'LUISA","Hace 7 días"
"Practicante  Profesión: Publicista   Área de enfoque: Marketing digital, Soci...","santiago (Chile)","http://www.jobandtalent.com/cl/ofertas-de-empleo/clubrastro-com-practicante-profesion-publicista-area-de-enfoque-marketing-digital-social-media-redes-sociales-conocimientos-en-software-microsoft-office-nivel-intermedio-google-analytics-24082015","clubrastro.com","Hace 7 días"
"Operador de plotter de impresión","Santiago (Chile)","http://www.jobandtalent.com/cl/ofertas-de-empleo/comercial-totalpack-ltda-operador-de-plotter-de-impresion-24082015","COMERCIAL TOTALPACK LTDA","Hace 7 días"
"Tecnico para área de servicios en impresoras","Santiago (Chile)","http://www.jobandtalent.com/cl/ofertas-de-empleo/comercial-totalpack-ltda-tecnico-para-area-de-servicios-en-impresoras-24082015","COMERCIAL TOTALPACK LTDA","Hace 7 días"
"Ejecutivos de ventas","Santiago (Chile)","http://www.jobandtalent.com/cl/ofertas-de-empleo/comercial-totalpack-ltda-ejecutivos-de-ventas-24082015","COMERCIAL TOTALPACK LTDA","Hace 7 días"
"Ayudante de pasteleria","La Reina (Chile)","http://www.jobandtalent.com/cl/ofertas-de-empleo/las-bezanillas-ayudante-de-pasteleria-24082015","LAS BEZANILLAS","Hace 7 días"
"SE NECESITA OPERADOR DE TERRENO PARA RUTA DE SUPERMERCADOS DE LUNES A VIERNES","ANTOFAGASTA (Chile)","http://www.jobandtalent.com/cl/ofertas-de-empleo/global-desicion-support-s-a-se-necesita-operador-de-terreno-para-ruta-de-supermercados-de-lunes-a-viernes-24082015","Global Desicion Support S.A.","Hace 7 días"
"Ayudante Soldador","Santiago (Chile)","http://www.jobandtalent.com/cl/ofertas-de-empleo/mobel-group-ayudante-soldador-24082015","Mobel Group","Hace 7 días"
"Ayudante Pintor","Santiago (Chile)","http://www.jobandtalent.com/cl/ofertas-de-empleo/mobel-group-ayudante-pintor-24082015","Mobel Group","Hace 7 días"
"Asesor de Emprendimiento para Curacaví-Casa Blanca","curacaví  (Chile)","http://www.jobandtalent.com/cl/ofertas-de-empleo/fundacion-banigualdad-asesor-de-emprendimiento-para-curacavi-casa-blanca-25082015","Fundación Banigualdad","Hace 6 días"
"Administradora de Casino Premium","santiago (Chile)","http://www.jobandtalent.com/cl/ofertas-de-empleo/austral-catering-ltda-administradora-de-casino-premium-20150825","AUSTRAL CATERING LTDA","Hace 7 días"
"Vendedores en REDES SOCIALES","Santiago (Chile)","http://www.jobandtalent.com/cl/ofertas-de-empleo/grupo-esvas-vendedores-en-redes-sociales-20150825","GRUPO ESVAS","Hace 7 días"
"Educadoras de Párvulos","Santiago Centro (Chile)","http://www.jobandtalent.com/cl/ofertas-de-empleo/sala-cuna-y-jardin-infantil-institucion-sweet-educadoras-de-parvulos-20150825","Sala Cuna y Jardín Infantil Institución Sweet","Hace 7 días"
"Maestro de Cocina","Providencia (Chile)","http://www.jobandtalent.com/cl/ofertas-de-empleo/b-s-inversiones-maestro-de-cocina-20150825","B & S Inversiones","Hace 7 días"
"Periodista en práctica","Santiago (Chile)","http://www.jobandtalent.com/cl/ofertas-de-empleo/marketing-online-periodista-en-practica-20082015","Marketing online","Hace 11 días"
"NELSON DIAZ","ANTOFAGASTA (Chile)","http://www.jobandtalent.com/cl/ofertas-de-empleo/tecic-nelson-diaz-20082015","TECIC","Hace 11 días"
"Vendedores","Quilpue (Chile)","http://www.jobandtalent.com/cl/ofertas-de-empleo/dream-to-live-vendedores-20150821","Dream to live","Hace 11 días"
"CAJERAS OPERARIAS JUAN MAESTRO ESPACIO URBANO GRAN AVENIDA","LA CISTERNA (Chile)","http://www.jobandtalent.com/cl/ofertas-de-empleo/administradora-de-restaurantes-cajeras-operarias-juan-maestro-espacio-urbano-gran-avenida-26082015","administradora de Restaurantes","Hace 5 días"
"CAJERAS OPERARIAS DOGGIS LIDER OESTE","CERRILLOS (Chile)","http://www.jobandtalent.com/cl/ofertas-de-empleo/administradora-de-restaurantes-cajeras-operarias-doggis-lider-oeste-26082015","administradora de Restaurantes","Hace 5 días"
